{
  "beta": [
    4.037128087476112,
    0.1616959883956676,
    0.17646419419463294
  ],
  "phi": 0.6851977018633073,
  "sigma_eps": 0.34423955414966073,
  "kappa": 0.3780478665026139,
  "sigma": 0.410964954006522,
  "dt": 1.0,
  "seasonal_r2": 0.11327087869522112,
  "n_obs": 878
}