{
  "beta": [
    3.923543374893771,
    0.05863451900199736,
    0.2468851315198998
  ],
  "phi": 0.9558673777322725,
  "sigma_eps": 0.346238891173717,
  "kappa": 0.04513610177558035,
  "sigma": 0.35408155354347315,
  "dt": 1.0,
  "seasonal_r2": 0.022480331340526183,
  "n_obs": 2339
}